subject;block;trial;target_distance;percived_distance;condition;type
S001;3;4;6;2.5;Ear level;NORMAL
S001;3;1;2;0.05;Ear level;NORMAL
S001;3;2;2.9;0.03;Ear level;NORMAL
S001;3;1;2;0.02;Ear level;NORMAL
S001;3;3;4.2;0.01;Ear level;NORMAL
S001;3;1;2;0.015;Ear level;NORMAL
S001;3;4;6;4;Ear level;NORMAL
S001;3;4;6;5;Ear level;NORMAL
S001;3;1;2;1;Ear level;NORMAL
S001;3;3;4.2;0.03;Ear level;NORMAL
S001;3;2;2.9;0.01;Ear level;NORMAL
S001;3;4;6;2;Ear level;NORMAL
S001;3;3;4.2;4;Ear level;NORMAL
S001;3;3;4.2;5;Ear level;NORMAL
S001;3;2;2.9;2;Ear level;NORMAL
S001;3;4;6;5;Ear level;NORMAL
S001;3;3;4.2;2.5;Ear level;NORMAL
S001;3;2;2.9;1;Ear level;NORMAL
S001;3;1;2;1.5;Ear level;NORMAL
S001;3;2;2.9;0.1;Ear level;NORMAL
S001;5;2;2.9;0.1;Ear level;ROVED
S001;5;2;2.9;0.1;Ear level;ROVED
S001;5;3;4.2;0.25;Ear level;ROVED
S001;5;1;2;0.1;Ear level;ROVED
S001;5;3;4.2;1;Ear level;ROVED
S001;5;3;4.2;0.5;Ear level;ROVED
S001;5;3;4.2;0.55;Ear level;ROVED
S001;5;2;2.9;0.45;Ear level;ROVED
S001;5;4;6;1;Ear level;ROVED
S001;5;1;2;0.2;Ear level;ROVED
S001;5;4;6;0.6;Ear level;ROVED
S001;5;2;2.9;0.6;Ear level;ROVED
S001;5;3;4.2;0.55;Ear level;ROVED
S001;5;4;6;0.65;Ear level;ROVED
S001;5;4;6;0.35;Ear level;ROVED
S001;5;2;2.9;0.35;Ear level;ROVED
S001;5;1;2;0.2;Ear level;ROVED
S001;5;1;2;0.1;Ear level;ROVED
S001;5;2;2.9;0.05;Ear level;ROVED
S001;5;1;2;0.05;Ear level;ROVED
S001;0;1;2;0.1;Floor level;NORMAL
S001;0;4;6;0.2;Floor level;NORMAL
S001;0;1;2;0.05;Floor level;NORMAL
S001;0;2;2.9;0.15;Floor level;NORMAL
S001;0;1;2;0.6;Floor level;NORMAL
S001;0;4;6;0.1;Floor level;NORMAL
S001;0;2;2.9;0.15;Floor level;NORMAL
S001;0;3;4.2;0.5;Floor level;NORMAL
S001;0;3;4.2;0.55;Floor level;NORMAL
S001;0;1;2;0.2;Floor level;NORMAL
S001;0;1;2;0.1;Floor level;NORMAL
S001;0;4;6;0.16;Floor level;NORMAL
S001;0;2;2.9;0.2;Floor level;NORMAL
S001;0;1;2;0.1;Floor level;NORMAL
S001;0;2;2.9;0.15;Floor level;NORMAL
S001;0;2;2.9;0.15;Floor level;NORMAL
S001;0;3;4.2;0.25;Floor level;NORMAL
S001;0;4;6;0.3;Floor level;NORMAL
S001;0;3;4.2;0.27;Floor level;NORMAL
S001;0;3;4.2;0.25;Floor level;NORMAL
S001;2;3;4.2;0.3;Floor level;ROVED
S001;2;3;4.2;0.3;Floor level;ROVED
S001;2;2;2.9;0.25;Floor level;ROVED
S001;2;4;6;0.25;Floor level;ROVED
S001;2;3;4.2;0.3;Floor level;ROVED
S001;2;1;2;0.15;Floor level;ROVED
S001;2;2;2.9;0.15;Floor level;ROVED
S001;2;3;4.2;0.25;Floor level;ROVED
S001;2;4;6;0.35;Floor level;ROVED
S001;2;1;2;0.16;Floor level;ROVED
S001;2;1;2;0.16;Floor level;ROVED
S001;2;2;2.9;0.2;Floor level;ROVED
S001;2;2;2.9;0.25;Floor level;ROVED
S001;2;4;6;0.3;Floor level;ROVED
S001;2;3;4.2;0.35;Floor level;ROVED
S001;2;1;2;0.05;Floor level;ROVED
S001;2;4;6;0.1;Floor level;ROVED
S001;2;3;4.2;0.1;Floor level;ROVED
S001;2;2;2.9;0.15;Floor level;ROVED
S001;2;1;2;0.06;Floor level;ROVED
S002;3;1;2;1.6;Ear level;NORMAL
S002;3;1;2;1.5;Ear level;NORMAL
S002;3;2;2.9;1;Ear level;NORMAL
S002;3;4;6;1.3;Ear level;NORMAL
S002;3;3;4.2;1.2;Ear level;NORMAL
S002;3;4;6;1.6;Ear level;NORMAL
S002;3;3;4.2;0.8;Ear level;NORMAL
S002;3;1;2;1.7;Ear level;NORMAL
S002;3;4;6;1.8;Ear level;NORMAL
S002;3;3;4.2;1;Ear level;NORMAL
S002;3;2;2.9;0.7;Ear level;NORMAL
S002;3;3;4.2;1.6;Ear level;NORMAL
S002;3;4;6;1.3;Ear level;NORMAL
S002;3;4;6;1.5;Ear level;NORMAL
S002;3;1;2;1.3;Ear level;NORMAL
S002;3;1;2;1.2;Ear level;NORMAL
S002;3;3;4.2;1.6;Ear level;NORMAL
S002;3;2;2.9;0.9;Ear level;NORMAL
S002;3;2;2.9;1.3;Ear level;NORMAL
S002;3;2;2.9;1;Ear level;NORMAL
S002;5;3;4.2;1.3;Ear level;ROVED
S002;5;3;4.2;1.9;Ear level;ROVED
S002;5;1;2;1.5;Ear level;ROVED
S002;5;3;4.2;0.4;Ear level;ROVED
S002;5;2;2.9;0.5;Ear level;ROVED
S002;5;4;6;1.6;Ear level;ROVED
S002;5;4;6;1;Ear level;ROVED
S002;5;1;2;1.4;Ear level;ROVED
S002;5;2;2.9;1.5;Ear level;ROVED
S002;5;2;2.9;1;Ear level;ROVED
S002;5;2;2.9;1.6;Ear level;ROVED
S002;5;1;2;0.4;Ear level;ROVED
S002;5;3;4.2;1.3;Ear level;ROVED
S002;5;3;4.2;1.6;Ear level;ROVED
S002;5;2;2.9;1;Ear level;ROVED
S002;5;3;4.2;1.6;Ear level;ROVED
S002;5;4;6;1.6;Ear level;ROVED
S002;5;4;6;1;Ear level;ROVED
S002;5;4;6;1;Ear level;ROVED
S002;5;1;2;1.4;Ear level;ROVED
S002;0;2;2.9;1;Floor level;NORMAL
S002;0;4;6;1.5;Floor level;NORMAL
S002;0;3;4.2;1.4;Floor level;NORMAL
S002;0;4;6;1.5;Floor level;NORMAL
S002;0;4;6;1.5;Floor level;NORMAL
S002;0;1;2;0.5;Floor level;NORMAL
S002;0;1;2;1;Floor level;NORMAL
S002;0;3;4.2;1.8;Floor level;NORMAL
S002;0;3;4.2;1.8;Floor level;NORMAL
S002;0;1;2;0.6;Floor level;NORMAL
S002;0;2;2.9;1;Floor level;NORMAL
S002;0;2;2.9;1;Floor level;NORMAL
S002;0;1;2;0.7;Floor level;NORMAL
S002;0;2;2.9;0.5;Floor level;NORMAL
S002;0;3;4.2;1.2;Floor level;NORMAL
S002;0;4;6;1.5;Floor level;NORMAL
S002;0;2;2.9;1;Floor level;NORMAL
S002;0;4;6;1.6;Floor level;NORMAL
S002;0;3;4.2;1.5;Floor level;NORMAL
S002;0;2;2.9;1.2;Floor level;NORMAL
S002;2;4;6;1.7;Floor level;ROVED
S002;2;3;4.2;1;Floor level;ROVED
S002;2;2;2.9;0.7;Floor level;ROVED
S002;2;3;4.2;1.5;Floor level;ROVED
S002;2;3;4.2;1.3;Floor level;ROVED
S002;2;4;6;1.8;Floor level;ROVED
S002;2;4;6;0.5;Floor level;ROVED
S002;2;1;2;1.5;Floor level;ROVED
S002;2;1;2;1;Floor level;ROVED
S002;2;3;4.2;1.7;Floor level;ROVED
S002;2;4;6;1.5;Floor level;ROVED
S002;2;2;2.9;1;Floor level;ROVED
S002;2;3;4.2;1.6;Floor level;ROVED
S002;2;2;2.9;1.7;Floor level;ROVED
S002;2;4;6;0.5;Floor level;ROVED
S002;2;1;2;1.3;Floor level;ROVED
S002;2;2;2.9;1.4;Floor level;ROVED
S002;2;1;2;1.2;Floor level;ROVED
S002;2;4;6;0.7;Floor level;ROVED
S002;2;2;2.9;1.3;Floor level;ROVED
S003;3;2;2.9;3;Ear level;NORMAL
S003;3;4;6;0.07;Ear level;NORMAL
S003;3;2;2.9;4;Ear level;NORMAL
S003;3;3;4.2;1;Ear level;NORMAL
S003;3;3;4.2;5;Ear level;NORMAL
S003;3;2;2.9;7;Ear level;NORMAL
S003;3;2;2.9;0.06;Ear level;NORMAL
S003;3;3;4.2;0.11;Ear level;NORMAL
S003;3;1;2;0.1;Ear level;NORMAL
S003;3;4;6;7;Ear level;NORMAL
S003;3;1;2;2;Ear level;NORMAL
S003;3;4;6;13;Ear level;NORMAL
S003;3;4;6;15;Ear level;NORMAL
S003;3;1;2;14;Ear level;NORMAL
S003;3;3;4.2;13;Ear level;NORMAL
S003;3;1;2;17;Ear level;NORMAL
S003;3;4;6;20;Ear level;NORMAL
S003;3;1;2;7;Ear level;NORMAL
S003;3;3;4.2;4;Ear level;NORMAL
S003;3;2;2.9;3;Ear level;NORMAL
S003;5;4;6;7;Ear level;ROVED
S003;5;1;2;3;Ear level;ROVED
S003;5;4;6;5;Ear level;ROVED
S003;5;2;2.9;7;Ear level;ROVED
S003;5;2;2.9;4;Ear level;ROVED
S003;5;3;4.2;2;Ear level;ROVED
S003;5;1;2;9;Ear level;ROVED
S003;5;1;2;8;Ear level;ROVED
S003;5;1;2;6;Ear level;ROVED
S003;5;2;2.9;3;Ear level;ROVED
S003;5;4;6;7;Ear level;ROVED
S003;5;4;6;6;Ear level;ROVED
S003;5;3;4.2;10;Ear level;ROVED
S003;5;3;4.2;2;Ear level;ROVED
S003;5;3;4.2;12;Ear level;ROVED
S003;5;1;2;13;Ear level;ROVED
S003;5;4;6;2;Ear level;ROVED
S003;5;4;6;15;Ear level;ROVED
S003;5;2;2.9;5;Ear level;ROVED
S003;5;3;4.2;14;Ear level;ROVED
S003;0;3;4.2;4;Floor level;NORMAL
S003;0;2;2.9;2;Floor level;NORMAL
S003;0;1;2;3;Floor level;NORMAL
S003;0;3;4.2;1;Floor level;NORMAL
S003;0;4;6;6;Floor level;NORMAL
S003;0;2;2.9;7;Floor level;NORMAL
S003;0;4;6;10;Floor level;NORMAL
S003;0;4;6;12;Floor level;NORMAL
S003;0;1;2;1;Floor level;NORMAL
S003;0;2;2.9;3;Floor level;NORMAL
S003;0;1;2;2;Floor level;NORMAL
S003;0;3;4.2;4;Floor level;NORMAL
S003;0;1;2;1;Floor level;NORMAL
S003;0;3;4.2;6;Floor level;NORMAL
S003;0;4;6;4;Floor level;NORMAL
S003;0;4;6;6;Floor level;NORMAL
S003;0;2;2.9;2;Floor level;NORMAL
S003;0;3;4.2;5;Floor level;NORMAL
S003;0;1;2;1;Floor level;NORMAL
S003;0;3;4.2;2;Floor level;NORMAL
S003;2;1;2;4;Floor level;ROVED
S003;2;4;6;2;Floor level;ROVED
S003;2;1;2;1;Floor level;ROVED
S003;2;3;4.2;3;Floor level;ROVED
S003;2;4;6;2;Floor level;ROVED
S003;2;2;2.9;3;Floor level;ROVED
S003;2;3;4.2;5;Floor level;ROVED
S003;2;4;6;15;Floor level;ROVED
S003;2;3;4.2;12;Floor level;ROVED
S003;2;1;2;4;Floor level;ROVED
S003;2;3;4.2;6;Floor level;ROVED
S003;2;2;2.9;7;Floor level;ROVED
S003;2;4;6;3;Floor level;ROVED
S003;2;2;2.9;4;Floor level;ROVED
S003;2;2;2.9;8;Floor level;ROVED
S003;2;3;4.2;2;Floor level;ROVED
S003;2;1;2;3;Floor level;ROVED
S003;2;1;2;4;Floor level;ROVED
S003;2;4;6;13;Floor level;ROVED
S003;2;1;2;7;Floor level;ROVED
S004;3;3;4.2;3;Ear level;NORMAL
S004;3;4;6;3;Ear level;NORMAL
S004;3;2;2.9;3;Ear level;NORMAL
S004;3;1;2;3;Ear level;NORMAL
S004;3;4;6;2.5;Ear level;NORMAL
S004;3;2;2.9;2;Ear level;NORMAL
S004;3;1;2;2;Ear level;NORMAL
S004;3;1;2;2;Ear level;NORMAL
S004;3;4;6;2.5;Ear level;NORMAL
S004;3;3;4.2;3;Ear level;NORMAL
S004;3;2;2.9;2;Ear level;NORMAL
S004;3;3;4.2;2;Ear level;NORMAL
S004;3;3;4.2;3;Ear level;NORMAL
S004;3;2;2.9;2.5;Ear level;NORMAL
S004;3;3;4.2;2.5;Ear level;NORMAL
S004;3;2;2.9;3;Ear level;NORMAL
S004;3;1;2;3;Ear level;NORMAL
S004;3;1;2;3.5;Ear level;NORMAL
S004;3;4;6;3.5;Ear level;NORMAL
S004;3;4;6;3.5;Ear level;NORMAL
S004;5;1;2;2;Ear level;ROVED
S004;5;2;2.9;1.5;Ear level;ROVED
S004;5;1;2;2;Ear level;ROVED
S004;5;1;2;2.5;Ear level;ROVED
S004;5;3;4.2;3;Ear level;ROVED
S004;5;3;4.2;2;Ear level;ROVED
S004;5;1;2;3;Ear level;ROVED
S004;5;4;6;3;Ear level;ROVED
S004;5;3;4.2;2.5;Ear level;ROVED
S004;5;2;2.9;3;Ear level;ROVED
S004;5;2;2.9;3;Ear level;ROVED
S004;5;4;6;3;Ear level;ROVED
S004;5;4;6;2.5;Ear level;ROVED
S004;5;2;2.9;2.5;Ear level;ROVED
S004;5;4;6;3.2;Ear level;ROVED
S004;5;4;6;3;Ear level;ROVED
S004;5;3;4.2;3.2;Ear level;ROVED
S004;5;1;2;3;Ear level;ROVED
S004;5;1;2;3.5;Ear level;ROVED
S004;5;2;2.9;2.8;Ear level;ROVED
S004;0;4;6;2.5;Floor level;NORMAL
S004;0;1;2;0.6;Floor level;NORMAL
S004;0;4;6;2;Floor level;NORMAL
S004;0;2;2.9;1.5;Floor level;NORMAL
S004;0;1;2;0.7;Floor level;NORMAL
S004;0;3;4.2;2;Floor level;NORMAL
S004;0;3;4.2;2.5;Floor level;NORMAL
S004;0;2;2.9;1.5;Floor level;NORMAL
S004;0;4;6;3;Floor level;NORMAL
S004;0;2;2.9;1.8;Floor level;NORMAL
S004;0;2;2.9;1.5;Floor level;NORMAL
S004;0;1;2;1.2;Floor level;NORMAL
S004;0;3;4.2;2;Floor level;NORMAL
S004;0;4;6;3;Floor level;NORMAL
S004;0;4;6;3;Floor level;NORMAL
S004;0;4;6;3;Floor level;NORMAL
S004;0;1;2;1.5;Floor level;NORMAL
S004;0;1;2;1.2;Floor level;NORMAL
S004;0;2;2.9;1.5;Floor level;NORMAL
S004;0;3;4.2;2.5;Floor level;NORMAL
S004;2;2;2.9;1;Floor level;ROVED
S004;2;4;6;2.5;Floor level;ROVED
S004;2;2;2.9;1.5;Floor level;ROVED
S004;2;3;4.2;2.5;Floor level;ROVED
S004;2;2;2.9;2.5;Floor level;ROVED
S004;2;2;2.9;1.5;Floor level;ROVED
S004;2;3;4.2;2.5;Floor level;ROVED
S004;2;3;4.2;2.5;Floor level;ROVED
S004;2;1;2;1;Floor level;ROVED
S004;2;4;6;3;Floor level;ROVED
S004;2;3;4.2;2;Floor level;ROVED
S004;2;1;2;1;Floor level;ROVED
S004;2;4;6;2;Floor level;ROVED
S004;2;1;2;1;Floor level;ROVED
S004;2;4;6;3;Floor level;ROVED
S004;2;1;2;1;Floor level;ROVED
S004;2;4;6;3;Floor level;ROVED
S004;2;2;2.9;2;Floor level;ROVED
S004;2;2;2.9;2;Floor level;ROVED
S004;2;1;2;1;Floor level;ROVED
S005;3;4;6;3.3;Ear level;NORMAL
S005;3;3;4.2;2.5;Ear level;NORMAL
S005;3;2;2.9;1.5;Ear level;NORMAL
S005;3;3;4.2;3;Ear level;NORMAL
S005;3;2;2.9;2;Ear level;NORMAL
S005;3;1;2;1.5;Ear level;NORMAL
S005;3;3;4.2;3.5;Ear level;NORMAL
S005;3;4;6;3;Ear level;NORMAL
S005;3;2;2.9;2;Ear level;NORMAL
S005;3;1;2;1.5;Ear level;NORMAL
S005;3;1;2;2;Ear level;NORMAL
S005;3;1;2;2;Ear level;NORMAL
S005;3;3;4.2;2.5;Ear level;NORMAL
S005;3;4;6;3;Ear level;NORMAL
S005;3;4;6;3;Ear level;NORMAL
S005;3;3;4.2;2.5;Ear level;NORMAL
S005;3;4;6;3;Ear level;NORMAL
S005;3;1;2;2;Ear level;NORMAL
S005;3;2;2.9;2;Ear level;NORMAL
S005;3;2;2.9;2.5;Ear level;NORMAL
S005;5;2;2.9;2;Ear level;ROVED
S005;5;2;2.9;2;Ear level;ROVED
S005;5;2;2.9;2.5;Ear level;ROVED
S005;5;1;2;1.5;Ear level;ROVED
S005;5;1;2;2;Ear level;ROVED
S005;5;1;2;2;Ear level;ROVED
S005;5;3;4.2;2.5;Ear level;ROVED
S005;5;2;2.9;2;Ear level;ROVED
S005;5;3;4.2;3;Ear level;ROVED
S005;5;3;4.2;2;Ear level;ROVED
S005;5;4;6;3;Ear level;ROVED
S005;5;1;2;2;Ear level;ROVED
S005;5;4;6;2.5;Ear level;ROVED
S005;5;2;2.9;2;Ear level;ROVED
S005;5;3;4.2;2;Ear level;ROVED
S005;5;2;2.9;2;Ear level;ROVED
S005;5;3;4.2;3;Ear level;ROVED
S005;5;1;2;1.5;Ear level;ROVED
S005;5;4;6;3;Ear level;ROVED
S005;5;4;6;3;Ear level;ROVED
S005;0;1;2;0.5;Floor level;NORMAL
S005;0;4;6;2;Floor level;NORMAL
S005;0;2;2.9;1.5;Floor level;NORMAL
S005;0;1;2;1;Floor level;NORMAL
S005;0;3;4.2;2.5;Floor level;NORMAL
S005;0;3;4.2;3;Floor level;NORMAL
S005;0;4;6;2;Floor level;NORMAL
S005;0;4;6;2;Floor level;NORMAL
S005;0;1;2;1;Floor level;NORMAL
S005;0;1;2;1.5;Floor level;NORMAL
S005;0;1;2;2;Floor level;NORMAL
S005;0;3;4.2;2;Floor level;NORMAL
S005;0;2;2.9;2.5;Floor level;NORMAL
S005;0;3;4.2;3;Floor level;NORMAL
S005;0;1;2;1;Floor level;NORMAL
S005;0;2;2.9;2;Floor level;NORMAL
S005;0;2;2.9;2;Floor level;NORMAL
S005;0;3;4.2;2.5;Floor level;NORMAL
S005;0;2;2.9;1.5;Floor level;NORMAL
S005;0;4;6;2;Floor level;NORMAL
S005;2;3;4.2;2.5;Floor level;ROVED
S005;2;3;4.2;2;Floor level;ROVED
S005;2;2;2.9;1.5;Floor level;ROVED
S005;2;2;2.9;2;Floor level;ROVED
S005;2;1;2;1;Floor level;ROVED
S005;2;1;2;1.5;Floor level;ROVED
S005;2;1;2;1;Floor level;ROVED
S005;2;3;4.2;3;Floor level;ROVED
S005;2;1;2;1.5;Floor level;ROVED
S005;2;3;4.2;2;Floor level;ROVED
S005;2;3;4.2;2.5;Floor level;ROVED
S005;2;2;2.9;2;Floor level;ROVED
S005;2;4;6;2.5;Floor level;ROVED
S005;2;2;2.9;2;Floor level;ROVED
S005;2;4;6;2.5;Floor level;ROVED
S005;2;1;2;1;Floor level;ROVED
S005;2;2;2.9;2;Floor level;ROVED
S005;2;4;6;3;Floor level;ROVED
S005;2;3;4.2;3;Floor level;ROVED
S005;2;4;6;2.5;Floor level;ROVED
S006;3;1;2;1;Ear level;NORMAL
S006;3;2;2.9;1;Ear level;NORMAL
S006;3;1;2;2;Ear level;NORMAL
S006;3;3;4.2;1;Ear level;NORMAL
S006;3;3;4.2;1;Ear level;NORMAL
S006;3;1;2;2;Ear level;NORMAL
S006;3;3;4.2;2;Ear level;NORMAL
S006;3;3;4.2;1;Ear level;NORMAL
S006;3;2;2.9;1;Ear level;NORMAL
S006;3;4;6;2;Ear level;NORMAL
S006;3;4;6;2;Ear level;NORMAL
S006;3;1;2;1;Ear level;NORMAL
S006;3;1;2;1;Ear level;NORMAL
S006;3;2;2.9;2;Ear level;NORMAL
S006;3;4;6;3;Ear level;NORMAL
S006;3;3;4.2;2;Ear level;NORMAL
S006;3;2;2.9;1;Ear level;NORMAL
S006;3;4;6;2;Ear level;NORMAL
S006;3;4;6;2;Ear level;NORMAL
S006;3;2;2.9;1;Ear level;NORMAL
S006;5;3;4.2;1;Ear level;ROVED
S006;5;2;2.9;3;Ear level;ROVED
S006;5;4;6;1;Ear level;ROVED
S006;5;4;6;2;Ear level;ROVED
S006;5;4;6;2;Ear level;ROVED
S006;5;3;4.2;1;Ear level;ROVED
S006;5;3;4.2;3;Ear level;ROVED
S006;5;4;6;3;Ear level;ROVED
S006;5;3;4.2;1;Ear level;ROVED
S006;5;1;2;3;Ear level;ROVED
S006;5;3;4.2;3;Ear level;ROVED
S006;5;3;4.2;2;Ear level;ROVED
S006;5;1;2;1;Ear level;ROVED
S006;5;2;2.9;1;Ear level;ROVED
S006;5;2;2.9;1;Ear level;ROVED
S006;5;1;2;2;Ear level;ROVED
S006;5;2;2.9;3;Ear level;ROVED
S006;5;1;2;3;Ear level;ROVED
S006;5;4;6;3;Ear level;ROVED
S006;5;2;2.9;3;Ear level;ROVED
S006;0;2;2.9;1;Floor level;NORMAL
S006;0;3;4.2;2;Floor level;NORMAL
S006;0;3;4.2;2.3;Floor level;NORMAL
S006;0;3;4.2;3;Floor level;NORMAL
S006;0;2;2.9;3;Floor level;NORMAL
S006;0;3;4.2;3.5;Floor level;NORMAL
S006;0;1;2;1;Floor level;NORMAL
S006;0;4;6;3;Floor level;NORMAL
S006;0;2;2.9;2;Floor level;NORMAL
S006;0;1;2;1;Floor level;NORMAL
S006;0;2;2.9;2;Floor level;NORMAL
S006;0;2;2.9;2;Floor level;NORMAL
S006;0;4;6;3;Floor level;NORMAL
S006;0;2;2.9;2;Floor level;NORMAL
S006;0;1;2;1;Floor level;NORMAL
S006;0;4;6;3;Floor level;NORMAL
S006;0;1;2;1;Floor level;NORMAL
S006;0;4;6;3;Floor level;NORMAL
S006;0;4;6;3.5;Floor level;NORMAL
S006;0;3;4.2;2;Floor level;NORMAL
S006;2;4;6;3;Floor level;ROVED
S006;2;3;4.2;3;Floor level;ROVED
S006;2;2;2.9;3;Floor level;ROVED
S006;2;4;6;2;Floor level;ROVED
S006;2;2;2.9;2;Floor level;ROVED
S006;2;4;6;3;Floor level;ROVED
S006;2;4;6;3;Floor level;ROVED
S006;2;2;2.9;2;Floor level;ROVED
S006;2;3;4.2;3;Floor level;ROVED
S006;2;3;4.2;3;Floor level;ROVED
S006;2;1;2;1;Floor level;ROVED
S006;2;4;6;3;Floor level;ROVED
S006;2;4;6;3;Floor level;ROVED
S006;2;1;2;1;Floor level;ROVED
S006;2;3;4.2;3;Floor level;ROVED
S006;2;1;2;2;Floor level;ROVED
S006;2;2;2.9;2;Floor level;ROVED
S006;2;1;2;1;Floor level;ROVED
S006;2;3;4.2;3;Floor level;ROVED
S006;2;2;2.9;2;Floor level;ROVED
S007;3;2;2.9;1;Ear level;NORMAL
S007;3;3;4.2;2;Ear level;NORMAL
S007;3;2;2.9;1.5;Ear level;NORMAL
S007;3;1;2;1;Ear level;NORMAL
S007;3;4;6;3;Ear level;NORMAL
S007;3;4;6;4;Ear level;NORMAL
S007;3;1;2;1.5;Ear level;NORMAL
S007;3;3;4.2;1;Ear level;NORMAL
S007;3;2;2.9;1.5;Ear level;NORMAL
S007;3;3;4.2;2;Ear level;NORMAL
S007;3;1;2;1.5;Ear level;NORMAL
S007;3;4;6;2.5;Ear level;NORMAL
S007;3;1;2;1.5;Ear level;NORMAL
S007;3;2;2.9;1;Ear level;NORMAL
S007;3;4;6;3;Ear level;NORMAL
S007;3;1;2;1;Ear level;NORMAL
S007;3;3;4.2;2;Ear level;NORMAL
S007;3;3;4.2;2;Ear level;NORMAL
S007;3;4;6;3;Ear level;NORMAL
S007;3;2;2.9;1.5;Ear level;NORMAL
S007;5;4;6;3;Ear level;ROVED
S007;5;3;4.2;4;Ear level;ROVED
S007;5;4;6;3;Ear level;ROVED
S007;5;2;2.9;2;Ear level;ROVED
S007;5;2;2.9;2.5;Ear level;ROVED
S007;5;3;4.2;3;Ear level;ROVED
S007;5;1;2;2;Ear level;ROVED
S007;5;2;2.9;2;Ear level;ROVED
S007;5;1;2;2;Ear level;ROVED
S007;5;4;6;3;Ear level;ROVED
S007;5;2;2.9;2;Ear level;ROVED
S007;5;3;4.2;3.5;Ear level;ROVED
S007;5;1;2;3;Ear level;ROVED
S007;5;1;2;2;Ear level;ROVED
S007;5;4;6;3;Ear level;ROVED
S007;5;4;6;3;Ear level;ROVED
S007;5;1;2;2;Ear level;ROVED
S007;5;3;4.2;2;Ear level;ROVED
S007;5;3;4.2;3;Ear level;ROVED
S007;5;4;6;2;Ear level;ROVED
S007;0;3;4.2;2;Floor level;NORMAL
S007;0;4;6;3;Floor level;NORMAL
S007;0;2;2.9;1;Floor level;NORMAL
S007;0;3;4.2;1;Floor level;NORMAL
S007;0;4;6;1.5;Floor level;NORMAL
S007;0;1;2;1;Floor level;NORMAL
S007;0;1;2;1.5;Floor level;NORMAL
S007;0;3;4.2;2;Floor level;NORMAL
S007;0;3;4.2;2;Floor level;NORMAL
S007;0;1;2;1;Floor level;NORMAL
S007;0;1;2;1;Floor level;NORMAL
S007;0;2;2.9;2;Floor level;NORMAL
S007;0;4;6;3;Floor level;NORMAL
S007;0;4;6;3;Floor level;NORMAL
S007;0;1;2;1;Floor level;NORMAL
S007;0;2;2.9;1.5;Floor level;NORMAL
S007;0;3;4.2;1.5;Floor level;NORMAL
S007;0;2;2.9;2;Floor level;NORMAL
S007;0;3;4.2;2.5;Floor level;NORMAL
S007;0;4;6;2.5;Floor level;NORMAL
S007;2;1;2;1;Floor level;ROVED
S007;2;2;2.9;2;Floor level;ROVED
S007;2;1;2;1;Floor level;ROVED
S007;2;2;2.9;2;Floor level;ROVED
S007;2;2;2.9;2.5;Floor level;ROVED
S007;2;4;6;3;Floor level;ROVED
S007;2;3;4.2;3.5;Floor level;ROVED
S007;2;2;2.9;2;Floor level;ROVED
S007;2;1;2;1.5;Floor level;ROVED
S007;2;3;4.2;3;Floor level;ROVED
S007;2;4;6;3.5;Floor level;ROVED
S007;2;3;4.2;3;Floor level;ROVED
S007;2;4;6;4.6;Floor level;ROVED
S007;2;1;2;1.5;Floor level;ROVED
S007;2;3;4.2;2;Floor level;ROVED
S007;2;3;4.2;2.5;Floor level;ROVED
S007;2;1;2;1;Floor level;ROVED
S007;2;1;2;1;Floor level;ROVED
S007;2;4;6;2;Floor level;ROVED
S007;2;4;6;2.5;Floor level;ROVED
S008;3;3;4.2;4;Ear level;NORMAL
S008;3;1;2;3;Ear level;NORMAL
S008;3;3;4.2;2;Ear level;NORMAL
S008;3;3;4.2;2;Ear level;NORMAL
S008;3;2;2.9;1;Ear level;NORMAL
S008;3;1;2;1;Ear level;NORMAL
S008;3;2;2.9;3;Ear level;NORMAL
S008;3;4;6;4;Ear level;NORMAL
S008;3;3;4.2;2;Ear level;NORMAL
S008;3;4;6;3;Ear level;NORMAL
S008;3;1;2;2;Ear level;NORMAL
S008;3;4;6;3;Ear level;NORMAL
S008;3;2;2.9;2;Ear level;NORMAL
S008;3;1;2;1;Ear level;NORMAL
S008;3;4;6;2;Ear level;NORMAL
S008;3;4;6;3;Ear level;NORMAL
S008;3;1;2;2;Ear level;NORMAL
S008;3;2;2.9;1;Ear level;NORMAL
S008;3;2;2.9;2;Ear level;NORMAL
S008;3;3;4.2;3;Ear level;NORMAL
S008;5;1;2;4;Ear level;ROVED
S008;5;2;2.9;6;Ear level;ROVED
S008;5;3;4.2;2;Ear level;ROVED
S008;5;1;2;1;Ear level;ROVED
S008;5;4;6;5;Ear level;ROVED
S008;5;1;2;1;Ear level;ROVED
S008;5;2;2.9;2;Ear level;ROVED
S008;5;2;2.9;1;Ear level;ROVED
S008;5;3;4.2;4;Ear level;ROVED
S008;5;4;6;2;Ear level;ROVED
S008;5;3;4.2;3;Ear level;ROVED
S008;5;1;2;1;Ear level;ROVED
S008;5;2;2.9;1;Ear level;ROVED
S008;5;2;2.9;2;Ear level;ROVED
S008;5;1;2;1;Ear level;ROVED
S008;5;3;4.2;3;Ear level;ROVED
S008;5;4;6;4;Ear level;ROVED
S008;5;4;6;3;Ear level;ROVED
S008;5;4;6;2;Ear level;ROVED
S008;5;1;2;1;Ear level;ROVED
S008;0;4;6;5;Floor level;NORMAL
S008;0;4;6;2;Floor level;NORMAL
S008;0;3;4.2;2;Floor level;NORMAL
S008;0;2;2.9;3;Floor level;NORMAL
S008;0;3;4.2;2;Floor level;NORMAL
S008;0;4;6;4;Floor level;NORMAL
S008;0;3;4.2;2;Floor level;NORMAL
S008;0;4;6;5;Floor level;NORMAL
S008;0;2;2.9;2;Floor level;NORMAL
S008;0;1;2;2;Floor level;NORMAL
S008;0;1;2;2;Floor level;NORMAL
S008;0;4;6;4;Floor level;NORMAL
S008;0;2;2.9;4;Floor level;NORMAL
S008;0;1;2;2;Floor level;NORMAL
S008;0;1;2;1;Floor level;NORMAL
S008;0;4;6;5;Floor level;NORMAL
S008;0;2;2.9;2;Floor level;NORMAL
S008;0;2;2.9;4;Floor level;NORMAL
S008;0;1;2;1;Floor level;NORMAL
S008;0;3;4.2;5;Floor level;NORMAL
S008;2;2;2.9;3;Floor level;ROVED
S008;2;4;6;2;Floor level;ROVED
S008;2;4;6;4;Floor level;ROVED
S008;2;1;2;5;Floor level;ROVED
S008;2;3;4.2;3;Floor level;ROVED
S008;2;2;2.9;2;Floor level;ROVED
S008;2;1;2;5;Floor level;ROVED
S008;2;2;2.9;6;Floor level;ROVED
S008;2;2;2.9;4;Floor level;ROVED
S008;2;1;2;2;Floor level;ROVED
S008;2;1;2;1;Floor level;ROVED
S008;2;3;4.2;4;Floor level;ROVED
S008;2;1;2;5;Floor level;ROVED
S008;2;4;6;3;Floor level;ROVED
S008;2;3;4.2;4;Floor level;ROVED
S008;2;3;4.2;2;Floor level;ROVED
S008;2;2;2.9;5;Floor level;ROVED
S008;2;2;2.9;3;Floor level;ROVED
S008;2;4;6;3;Floor level;ROVED
S008;2;4;6;4;Floor level;ROVED
S009;3;4;6;2.3;Ear level;NORMAL
S009;3;1;2;0.7;Ear level;NORMAL
S009;3;3;4.2;1.7;Ear level;NORMAL
S009;3;3;4.2;1.2;Ear level;NORMAL
S009;3;4;6;2;Ear level;NORMAL
S009;3;4;6;2;Ear level;NORMAL
S009;3;1;2;0.5;Ear level;NORMAL
S009;3;1;2;0.7;Ear level;NORMAL
S009;3;1;2;0.7;Ear level;NORMAL
S009;3;1;2;0.7;Ear level;NORMAL
S009;3;2;2.9;1;Ear level;NORMAL
S009;3;3;4.2;1.3;Ear level;NORMAL
S009;3;2;2.9;1;Ear level;NORMAL
S009;3;4;6;1.3;Ear level;NORMAL
S009;3;4;6;2;Ear level;NORMAL
S009;3;3;4.2;1.5;Ear level;NORMAL
S009;3;2;2.9;1.1;Ear level;NORMAL
S009;3;3;4.2;0.9;Ear level;NORMAL
S009;3;2;2.9;0.8;Ear level;NORMAL
S009;3;2;2.9;0.8;Ear level;NORMAL
S009;5;2;2.9;1;Ear level;ROVED
S009;5;4;6;1.3;Ear level;ROVED
S009;5;3;4.2;0.9;Ear level;ROVED
S009;5;2;2.9;1;Ear level;ROVED
S009;5;1;2;0.5;Ear level;ROVED
S009;5;2;2.9;0.7;Ear level;ROVED
S009;5;3;4.2;1.7;Ear level;ROVED
S009;5;1;2;0.5;Ear level;ROVED
S009;5;2;2.9;1.5;Ear level;ROVED
S009;5;1;2;0.7;Ear level;ROVED
S009;5;2;2.9;1;Ear level;ROVED
S009;5;3;4.2;1;Ear level;ROVED
S009;5;2;2.9;1.2;Ear level;ROVED
S009;5;4;6;1.6;Ear level;ROVED
S009;5;4;6;2;Ear level;ROVED
S009;5;3;4.2;2;Ear level;ROVED
S009;5;1;2;1;Ear level;ROVED
S009;5;1;2;1.2;Ear level;ROVED
S009;5;3;4.2;1.4;Ear level;ROVED
S009;5;4;6;1.7;Ear level;ROVED
S009;0;1;2;2;Floor level;NORMAL
S009;0;2;2.9;2;Floor level;NORMAL
S009;0;3;4.2;2.2;Floor level;NORMAL
S009;0;2;2.9;2;Floor level;NORMAL
S009;0;1;2;1.9;Floor level;NORMAL
S009;0;1;2;1.9;Floor level;NORMAL
S009;0;3;4.2;3.2;Floor level;NORMAL
S009;0;3;4.2;2.2;Floor level;NORMAL
S009;0;4;6;2.5;Floor level;NORMAL
S009;0;2;2.9;2.1;Floor level;NORMAL
S009;0;2;2.9;1.9;Floor level;NORMAL
S009;0;1;2;1.8;Floor level;NORMAL
S009;0;3;4.2;2.2;Floor level;NORMAL
S009;0;4;6;4.4;Floor level;NORMAL
S009;0;1;2;1.8;Floor level;NORMAL
S009;0;4;6;5.2;Floor level;NORMAL
S009;0;4;6;3.5;Floor level;NORMAL
S009;0;3;4.2;3;Floor level;NORMAL
S009;0;1;2;1.7;Floor level;NORMAL
S009;0;2;2.9;2.1;Floor level;NORMAL
S009;2;3;4.2;2;Floor level;ROVED
S009;2;3;4.2;2.5;Floor level;ROVED
S009;2;1;2;1.8;Floor level;ROVED
S009;2;1;2;1.8;Floor level;ROVED
S009;2;2;2.9;2.1;Floor level;ROVED
S009;2;2;2.9;2.3;Floor level;ROVED
S009;2;3;4.2;2.2;Floor level;ROVED
S009;2;2;2.9;1.9;Floor level;ROVED
S009;2;4;6;3.2;Floor level;ROVED
S009;2;2;2.9;2;Floor level;ROVED
S009;2;3;4.2;2.1;Floor level;ROVED
S009;2;1;2;1.9;Floor level;ROVED
S009;2;3;4.2;2;Floor level;ROVED
S009;2;4;6;5;Floor level;ROVED
S009;2;4;6;2.5;Floor level;ROVED
S009;2;2;2.9;2;Floor level;ROVED
S009;2;1;2;1.7;Floor level;ROVED
S009;2;3;4.2;2;Floor level;ROVED
S009;2;1;2;1.9;Floor level;ROVED
S009;2;4;6;2.3;Floor level;ROVED
S010;3;1;2;3;Ear level;NORMAL
S010;3;4;6;5;Ear level;NORMAL
S010;3;4;6;4;Ear level;NORMAL
S010;3;4;6;5.5;Ear level;NORMAL
S010;3;4;6;3;Ear level;NORMAL
S010;3;2;2.9;4.5;Ear level;NORMAL
S010;3;3;4.2;2;Ear level;NORMAL
S010;3;1;2;4;Ear level;NORMAL
S010;3;2;2.9;4.5;Ear level;NORMAL
S010;3;4;6;5.5;Ear level;NORMAL
S010;3;3;4.2;2.5;Ear level;NORMAL
S010;3;1;2;6.5;Ear level;NORMAL
S010;3;3;4.2;3.5;Ear level;NORMAL
S010;3;2;2.9;6.8;Ear level;NORMAL
S010;3;1;2;4.5;Ear level;NORMAL
S010;3;3;4.2;5;Ear level;NORMAL
S010;3;3;4.2;4.5;Ear level;NORMAL
S010;3;1;2;6;Ear level;NORMAL
S010;3;2;2.9;5.8;Ear level;NORMAL
S010;3;2;2.9;4;Ear level;NORMAL
S010;5;3;4.2;1;Ear level;ROVED
S010;5;3;4.2;0.5;Ear level;ROVED
S010;5;2;2.9;4;Ear level;ROVED
S010;5;2;2.9;6;Ear level;ROVED
S010;5;1;2;5;Ear level;ROVED
S010;5;2;2.9;7;Ear level;ROVED
S010;5;4;6;3;Ear level;ROVED
S010;5;1;2;6.8;Ear level;ROVED
S010;5;1;2;2;Ear level;ROVED
S010;5;3;4.2;1;Ear level;ROVED
S010;5;2;2.9;1;Ear level;ROVED
S010;5;3;4.2;6.5;Ear level;ROVED
S010;5;1;2;6;Ear level;ROVED
S010;5;4;6;7;Ear level;ROVED
S010;5;2;2.9;1;Ear level;ROVED
S010;5;4;6;4.5;Ear level;ROVED
S010;5;3;4.2;7;Ear level;ROVED
S010;5;4;6;0.8;Ear level;ROVED
S010;5;4;6;3;Ear level;ROVED
S010;5;3;4.2;3.8;Ear level;ROVED
S010;0;2;2.9;1;Floor level;NORMAL
S010;0;1;2;1;Floor level;NORMAL
S010;0;4;6;4;Floor level;NORMAL
S010;0;4;6;4;Floor level;NORMAL
S010;0;1;2;3.5;Floor level;NORMAL
S010;0;2;2.9;2;Floor level;NORMAL
S010;0;1;2;2.5;Floor level;NORMAL
S010;0;3;4.2;4.5;Floor level;NORMAL
S010;0;3;4.2;3;Floor level;NORMAL
S010;0;4;6;5.5;Floor level;NORMAL
S010;0;2;2.9;3;Floor level;NORMAL
S010;0;3;4.2;2;Floor level;NORMAL
S010;0;1;2;1;Floor level;NORMAL
S010;0;3;4.2;5;Floor level;NORMAL
S010;0;2;2.9;2;Floor level;NORMAL
S010;0;2;2.9;4;Floor level;NORMAL
S010;0;3;4.2;4.5;Floor level;NORMAL
S010;0;4;6;4;Floor level;NORMAL
S010;0;4;6;6;Floor level;NORMAL
S010;0;2;2.9;4;Floor level;NORMAL
S010;2;4;6;5.5;Floor level;ROVED
S010;2;3;4.2;4.5;Floor level;ROVED
S010;2;4;6;1;Floor level;ROVED
S010;2;2;2.9;2;Floor level;ROVED
S010;2;3;4.2;5;Floor level;ROVED
S010;2;4;6;3;Floor level;ROVED
S010;2;1;2;2;Floor level;ROVED
S010;2;2;2.9;2.5;Floor level;ROVED
S010;2;3;4.2;4.5;Floor level;ROVED
S010;2;3;4.2;0.5;Floor level;ROVED
S010;2;3;4.2;3.4;Floor level;ROVED
S010;2;4;6;4;Floor level;ROVED
S010;2;2;2.9;2.5;Floor level;ROVED
S010;2;4;6;7;Floor level;ROVED
S010;2;2;2.9;2.5;Floor level;ROVED
S010;2;1;2;1;Floor level;ROVED
S010;2;1;2;2;Floor level;ROVED
S010;2;2;2.9;3.5;Floor level;ROVED
S010;2;4;6;5;Floor level;ROVED
S010;2;1;2;1.5;Floor level;ROVED
S011;3;2;2.9;1.5;Ear level;NORMAL
S011;3;3;4.2;2;Ear level;NORMAL
S011;3;1;2;1;Ear level;NORMAL
S011;3;3;4.2;2;Ear level;NORMAL
S011;3;3;4.2;2;Ear level;NORMAL
S011;3;1;2;3;Ear level;NORMAL
S011;3;1;2;2;Ear level;NORMAL
S011;3;3;4.2;3;Ear level;NORMAL
S011;3;2;2.9;2;Ear level;NORMAL
S011;3;4;6;3;Ear level;NORMAL
S011;3;4;6;3;Ear level;NORMAL
S011;3;1;2;2;Ear level;NORMAL
S011;3;4;6;4;Ear level;NORMAL
S011;3;4;6;4;Ear level;NORMAL
S011;3;3;4.2;2.5;Ear level;NORMAL
S011;3;2;2.9;2;Ear level;NORMAL
S011;3;2;2.9;2;Ear level;NORMAL
S011;3;2;2.9;2;Ear level;NORMAL
S011;3;4;6;4;Ear level;NORMAL
S011;3;1;2;1;Ear level;NORMAL
S011;5;4;6;3;Ear level;ROVED
S011;5;1;2;1;Ear level;ROVED
S011;5;3;4.2;3;Ear level;ROVED
S011;5;4;6;2;Ear level;ROVED
S011;5;3;4.2;3;Ear level;ROVED
S011;5;3;4.2;2.5;Ear level;ROVED
S011;5;4;6;4;Ear level;ROVED
S011;5;1;2;2.5;Ear level;ROVED
S011;5;2;2.9;2.5;Ear level;ROVED
S011;5;3;4.2;2;Ear level;ROVED
S011;5;4;6;3;Ear level;ROVED
S011;5;1;2;2;Ear level;ROVED
S011;5;1;2;1;Ear level;ROVED
S011;5;4;6;3;Ear level;ROVED
S011;5;2;2.9;3;Ear level;ROVED
S011;5;1;2;2;Ear level;ROVED
S011;5;2;2.9;2;Ear level;ROVED
S011;5;3;4.2;2.5;Ear level;ROVED
S011;5;4;6;3;Ear level;ROVED
S011;5;2;2.9;2;Ear level;ROVED
S011;0;3;4.2;3.8;Floor level;NORMAL
S011;0;2;2.9;2;Floor level;NORMAL
S011;0;4;6;3;Floor level;NORMAL
S011;0;1;2;1;Floor level;NORMAL
S011;0;4;6;4.8;Floor level;NORMAL
S011;0;4;6;6;Floor level;NORMAL
S011;0;3;4.2;2;Floor level;NORMAL
S011;0;4;6;5.6;Floor level;NORMAL
S011;0;1;2;1;Floor level;NORMAL
S011;0;1;2;1;Floor level;NORMAL
S011;0;2;2.9;1.5;Floor level;NORMAL
S011;0;3;4.2;3;Floor level;NORMAL
S011;0;4;6;6;Floor level;NORMAL
S011;0;2;2.9;3;Floor level;NORMAL
S011;0;2;2.9;3;Floor level;NORMAL
S011;0;1;2;1;Floor level;NORMAL
S011;0;3;4.2;4;Floor level;NORMAL
S011;0;3;4.2;3.5;Floor level;NORMAL
S011;0;3;4.2;4;Floor level;NORMAL
S011;0;1;2;1;Floor level;NORMAL
S011;2;1;2;1.5;Floor level;ROVED
S011;2;2;2.9;2;Floor level;ROVED
S011;2;3;4.2;3;Floor level;ROVED
S011;2;3;4.2;3;Floor level;ROVED
S011;2;3;4.2;3;Floor level;ROVED
S011;2;4;6;2;Floor level;ROVED
S011;2;2;2.9;2.5;Floor level;ROVED
S011;2;4;6;6;Floor level;ROVED
S011;2;4;6;6;Floor level;ROVED
S011;2;1;2;1.5;Floor level;ROVED
S011;2;1;2;1.5;Floor level;ROVED
S011;2;1;2;1;Floor level;ROVED
S011;2;3;4.2;1.5;Floor level;ROVED
S011;2;4;6;2;Floor level;ROVED
S011;2;1;2;1;Floor level;ROVED
S011;2;1;2;1.5;Floor level;ROVED
S011;2;3;4.2;2;Floor level;ROVED
S011;2;4;6;5;Floor level;ROVED
S011;2;2;2.9;2.5;Floor level;ROVED
S011;2;2;2.9;2;Floor level;ROVED
S012;3;3;4.2;5;Ear level;NORMAL
S012;3;2;2.9;7;Ear level;NORMAL
S012;3;1;2;8;Ear level;NORMAL
S012;3;4;6;7;Ear level;NORMAL
S012;3;1;2;7;Ear level;NORMAL
S012;3;3;4.2;8;Ear level;NORMAL
S012;3;2;2.9;8;Ear level;NORMAL
S012;3;4;6;7;Ear level;NORMAL
S012;3;3;4.2;8;Ear level;NORMAL
S012;3;3;4.2;6;Ear level;NORMAL
S012;3;2;2.9;8;Ear level;NORMAL
S012;3;4;6;8;Ear level;NORMAL
S012;3;2;2.9;8;Ear level;NORMAL
S012;3;4;6;6;Ear level;NORMAL
S012;3;1;2;3;Ear level;NORMAL
S012;3;1;2;3;Ear level;NORMAL
S012;3;1;2;3;Ear level;NORMAL
S012;3;3;4.2;6;Ear level;NORMAL
S012;3;2;2.9;8;Ear level;NORMAL
S012;3;4;6;8;Ear level;NORMAL
S012;5;1;2;1;Ear level;ROVED
S012;5;3;4.2;4;Ear level;ROVED
S012;5;1;2;6;Ear level;ROVED
S012;5;4;6;8;Ear level;ROVED
S012;5;2;2.9;4;Ear level;ROVED
S012;5;2;2.9;4;Ear level;ROVED
S012;5;1;2;12;Ear level;ROVED
S012;5;2;2.9;12;Ear level;ROVED
S012;5;2;2.9;10;Ear level;ROVED
S012;5;2;2.9;4;Ear level;ROVED
S012;5;3;4.2;8;Ear level;ROVED
S012;5;4;6;2;Ear level;ROVED
S012;5;3;4.2;1;Ear level;ROVED
S012;5;1;2;3;Ear level;ROVED
S012;5;1;2;3;Ear level;ROVED
S012;5;4;6;6;Ear level;ROVED
S012;5;1;2;13;Ear level;ROVED
S012;5;3;4.2;10;Ear level;ROVED
S012;5;4;6;5;Ear level;ROVED
S012;5;4;6;3;Ear level;ROVED
S012;0;4;6;5;Floor level;NORMAL
S012;0;3;4.2;5;Floor level;NORMAL
S012;0;4;6;5;Floor level;NORMAL
S012;0;2;2.9;3;Floor level;NORMAL
S012;0;1;2;1;Floor level;NORMAL
S012;0;1;2;1;Floor level;NORMAL
S012;0;2;2.9;1;Floor level;NORMAL
S012;0;2;2.9;3;Floor level;NORMAL
S012;0;2;2.9;3;Floor level;NORMAL
S012;0;3;4.2;5;Floor level;NORMAL
S012;0;2;2.9;5;Floor level;NORMAL
S012;0;4;6;6;Floor level;NORMAL
S012;0;3;4.2;6;Floor level;NORMAL
S012;0;3;4.2;6;Floor level;NORMAL
S012;0;4;6;6;Floor level;NORMAL
S012;0;1;2;1;Floor level;NORMAL
S012;0;1;2;1;Floor level;NORMAL
S012;0;4;6;3;Floor level;NORMAL
S012;0;1;2;2;Floor level;NORMAL
S012;0;4;6;6;Floor level;NORMAL
S012;2;2;2.9;2;Floor level;ROVED
S012;2;3;4.2;6;Floor level;ROVED
S012;2;1;2;1;Floor level;ROVED
S012;2;1;2;2;Floor level;ROVED
S012;2;4;6;1;Floor level;ROVED
S012;2;4;6;5;Floor level;ROVED
S012;2;2;2.9;7;Floor level;ROVED
S012;2;1;2;2;Floor level;ROVED
S012;2;1;2;2;Floor level;ROVED
S012;2;3;4.2;6;Floor level;ROVED
S012;2;4;6;7;Floor level;ROVED
S012;2;3;4.2;5;Floor level;ROVED
S012;2;4;6;6;Floor level;ROVED
S012;2;3;4.2;3;Floor level;ROVED
S012;2;2;2.9;3;Floor level;ROVED
S012;2;1;2;6;Floor level;ROVED
S012;2;2;2.9;2;Floor level;ROVED
S012;2;2;2.9;3;Floor level;ROVED
S012;2;4;6;7;Floor level;ROVED
S012;2;2;2.9;7;Floor level;ROVED
S013;3;4;6;0.1;Ear level;NORMAL
S013;3;1;2;0.05;Ear level;NORMAL
S013;3;2;2.9;0.02;Ear level;NORMAL
S013;3;1;2;0.1;Ear level;NORMAL
S013;3;4;6;1;Ear level;NORMAL
S013;3;1;2;1;Ear level;NORMAL
S013;3;4;6;1.5;Ear level;NORMAL
S013;3;2;2.9;1;Ear level;NORMAL
S013;3;3;4.2;0.05;Ear level;NORMAL
S013;3;3;4.2;1;Ear level;NORMAL
S013;3;3;4.2;0.1;Ear level;NORMAL
S013;3;4;6;1;Ear level;NORMAL
S013;3;2;2.9;1;Ear level;NORMAL
S013;3;4;6;1;Ear level;NORMAL
S013;3;2;2.9;0.1;Ear level;NORMAL
S013;3;3;4.2;1;Ear level;NORMAL
S013;3;3;4.2;0.05;Ear level;NORMAL
S013;3;2;2.9;0.05;Ear level;NORMAL
S013;3;1;2;0.05;Ear level;NORMAL
S013;3;1;2;0.03;Ear level;NORMAL
S013;5;2;2.9;0.5;Ear level;ROVED
S013;5;1;2;0.5;Ear level;ROVED
S013;5;1;2;0.05;Ear level;ROVED
S013;5;2;2.9;0.05;Ear level;ROVED
S013;5;4;6;1;Ear level;ROVED
S013;5;4;6;0.05;Ear level;ROVED
S013;5;1;2;1.5;Ear level;ROVED
S013;5;3;4.2;2;Ear level;ROVED
S013;5;3;4.2;2;Ear level;ROVED
S013;5;3;4.2;0.5;Ear level;ROVED
S013;5;1;2;2.5;Ear level;ROVED
S013;5;1;2;0.05;Ear level;ROVED
S013;5;2;2.9;0.05;Ear level;ROVED
S013;5;2;2.9;2;Ear level;ROVED
S013;5;3;4.2;0.5;Ear level;ROVED
S013;5;2;2.9;0.2;Ear level;ROVED
S013;5;3;4.2;0.2;Ear level;ROVED
S013;5;4;6;0.5;Ear level;ROVED
S013;5;2;2.9;1;Ear level;ROVED
S013;5;4;6;0.1;Ear level;ROVED
S013;0;1;2;0.5;Floor level;NORMAL
S013;0;1;2;0.5;Floor level;NORMAL
S013;0;1;2;1;Floor level;NORMAL
S013;0;3;4.2;3;Floor level;NORMAL
S013;0;2;2.9;0.6;Floor level;NORMAL
S013;0;2;2.9;2;Floor level;NORMAL
S013;0;1;2;1;Floor level;NORMAL
S013;0;2;2.9;2;Floor level;NORMAL
S013;0;3;4.2;3;Floor level;NORMAL
S013;0;3;4.2;3;Floor level;NORMAL
S013;0;3;4.2;3;Floor level;NORMAL
S013;0;4;6;6;Floor level;NORMAL
S013;0;2;2.9;1;Floor level;NORMAL
S013;0;4;6;3;Floor level;NORMAL
S013;0;3;4.2;2;Floor level;NORMAL
S013;0;4;6;3;Floor level;NORMAL
S013;0;1;2;0.5;Floor level;NORMAL
S013;0;1;2;0.5;Floor level;NORMAL
S013;0;4;6;2;Floor level;NORMAL
S013;0;2;2.9;1;Floor level;NORMAL
S013;2;3;4.2;0.1;Floor level;ROVED
S013;2;4;6;3;Floor level;ROVED
S013;2;3;4.2;1;Floor level;ROVED
S013;2;2;2.9;3;Floor level;ROVED
S013;2;2;2.9;2;Floor level;ROVED
S013;2;1;2;0.1;Floor level;ROVED
S013;2;4;6;3;Floor level;ROVED
S013;2;4;6;3;Floor level;ROVED
S013;2;3;4.2;2;Floor level;ROVED
S013;2;3;4.2;0.7;Floor level;ROVED
S013;2;1;2;0.1;Floor level;ROVED
S013;2;2;2.9;2;Floor level;ROVED
S013;2;3;4.2;0.2;Floor level;ROVED
S013;2;2;2.9;1;Floor level;ROVED
S013;2;1;2;2;Floor level;ROVED
S013;2;3;4.2;1;Floor level;ROVED
S013;2;1;2;1;Floor level;ROVED
S013;2;4;6;5;Floor level;ROVED
S013;2;2;2.9;2;Floor level;ROVED
S013;2;1;2;1;Floor level;ROVED
S014;3;4;6;1;Ear level;NORMAL
S014;3;1;2;0.5;Ear level;NORMAL
S014;3;2;2.9;1;Ear level;NORMAL
S014;3;1;2;0.5;Ear level;NORMAL
S014;3;4;6;2;Ear level;NORMAL
S014;3;1;2;1;Ear level;NORMAL
S014;3;4;6;0.5;Ear level;NORMAL
S014;3;2;2.9;1;Ear level;NORMAL
S014;3;3;4.2;0.5;Ear level;NORMAL
S014;3;3;4.2;1;Ear level;NORMAL
S014;3;3;4.2;0.5;Ear level;NORMAL
S014;3;4;6;2;Ear level;NORMAL
S014;3;2;2.9;1;Ear level;NORMAL
S014;3;4;6;1;Ear level;NORMAL
S014;3;2;2.9;0.5;Ear level;NORMAL
S014;3;3;4.2;1;Ear level;NORMAL
S014;3;3;4.2;2;Ear level;NORMAL
S014;3;2;2.9;1;Ear level;NORMAL
S014;3;1;2;0.5;Ear level;NORMAL
S014;3;1;2;1;Ear level;NORMAL
S014;4;1;2;1;Ear level;ROVED
S014;4;2;2.9;0.5;Ear level;ROVED
S014;4;3;4.2;0.5;Ear level;ROVED
S014;4;1;2;1;Ear level;ROVED
S014;4;2;2.9;1;Ear level;ROVED
S014;4;2;2.9;2;Ear level;ROVED
S014;4;3;4.2;0.5;Ear level;ROVED
S014;4;3;4.2;1;Ear level;ROVED
S014;4;2;2.9;1.5;Ear level;ROVED
S014;4;3;4.2;1;Ear level;ROVED
S014;4;3;4.2;0.5;Ear level;ROVED
S014;4;1;2;1;Ear level;ROVED
S014;4;4;6;1;Ear level;ROVED
S014;4;4;6;2;Ear level;ROVED
S014;4;4;6;1;Ear level;ROVED
S014;4;4;6;0.5;Ear level;ROVED
S014;4;2;2.9;1;Ear level;ROVED
S014;4;1;2;0.5;Ear level;ROVED
S014;4;1;2;1;Ear level;ROVED
S014;4;1;2;0.5;Ear level;ROVED
S014;0;1;2;1;Floor level;NORMAL
S014;0;1;2;0.5;Floor level;NORMAL
S014;0;1;2;2;Floor level;NORMAL
S014;0;3;4.2;4;Floor level;NORMAL
S014;0;2;2.9;3;Floor level;NORMAL
S014;0;2;2.9;3;Floor level;NORMAL
S014;0;1;2;1;Floor level;NORMAL
S014;0;2;2.9;0.5;Floor level;NORMAL
S014;0;3;4.2;4;Floor level;NORMAL
S014;0;3;4.2;4;Floor level;NORMAL
S014;0;3;4.2;4;Floor level;NORMAL
S014;0;4;6;8;Floor level;NORMAL
S014;0;2;2.9;0.5;Floor level;NORMAL
S014;0;4;6;6;Floor level;NORMAL
S014;0;3;4.2;4;Floor level;NORMAL
S014;0;4;6;8;Floor level;NORMAL
S014;0;1;2;0.5;Floor level;NORMAL
S014;0;1;2;2;Floor level;NORMAL
S014;0;4;6;8;Floor level;NORMAL
S014;0;2;2.9;3;Floor level;NORMAL
S014;2;3;4.2;2;Floor level;ROVED
S014;2;4;6;1;Floor level;ROVED
S014;2;3;4.2;2;Floor level;ROVED
S014;2;2;2.9;2;Floor level;ROVED
S014;2;2;2.9;2;Floor level;ROVED
S014;2;1;2;1;Floor level;ROVED
S014;2;4;6;8;Floor level;ROVED
S014;2;4;6;5;Floor level;ROVED
S014;2;3;4.2;3;Floor level;ROVED
S014;2;3;4.2;2.3;Floor level;ROVED
S014;2;1;2;1;Floor level;ROVED
S014;2;2;2.9;0.5;Floor level;ROVED
S014;2;3;4.2;6;Floor level;ROVED
S014;2;2;2.9;1;Floor level;ROVED
S014;2;1;2;0.5;Floor level;ROVED
S014;2;3;4.2;1;Floor level;ROVED
S014;2;1;2;0.5;Floor level;ROVED
S014;2;4;6;6;Floor level;ROVED
S014;2;2;2.9;3;Floor level;ROVED
S014;2;1;2;0.5;Floor level;ROVED
S015;3;2;2.9;1.15;Ear level;NORMAL
S015;3;3;4.2;2;Ear level;NORMAL
S015;3;2;2.9;1.27;Ear level;NORMAL
S015;3;4;6;2.7;Ear level;NORMAL
S015;3;1;2;1.9;Ear level;NORMAL
S015;3;4;6;3.05;Ear level;NORMAL
S015;3;3;4.2;2.8;Ear level;NORMAL
S015;3;4;6;3.6;Ear level;NORMAL
S015;3;2;2.9;1.7;Ear level;NORMAL
S015;3;2;2.9;2.15;Ear level;NORMAL
S015;3;2;2.9;1.97;Ear level;NORMAL
S015;3;3;4.2;2.1;Ear level;NORMAL
S015;3;1;2;1.3;Ear level;NORMAL
S015;3;1;2;1;Ear level;NORMAL
S015;3;1;2;1.34;Ear level;NORMAL
S015;3;3;4.2;2.85;Ear level;NORMAL
S015;3;4;6;3.1;Ear level;NORMAL
S015;3;4;6;3.5;Ear level;NORMAL
S015;3;1;2;2.1;Ear level;NORMAL
S015;3;3;4.2;2.8;Ear level;NORMAL
S015;5;4;6;4;Ear level;ROVED
S015;5;2;2.9;1;Ear level;ROVED
S015;5;4;6;2.2;Ear level;ROVED
S015;5;4;6;2.1;Ear level;ROVED
S015;5;4;6;3.5;Ear level;ROVED
S015;5;3;4.2;1.3;Ear level;ROVED
S015;5;1;2;4.2;Ear level;ROVED
S015;5;2;2.9;1.4;Ear level;ROVED
S015;5;1;2;2.9;Ear level;ROVED
S015;5;1;2;3.5;Ear level;ROVED
S015;5;3;4.2;2.8;Ear level;ROVED
S015;5;3;4.2;3.15;Ear level;ROVED
S015;5;3;4.2;3.8;Ear level;ROVED
S015;5;1;2;3.7;Ear level;ROVED
S015;5;2;2.9;3.5;Ear level;ROVED
S015;5;2;2.9;2.1;Ear level;ROVED
S015;5;1;2;1.9;Ear level;ROVED
S015;5;4;6;3.2;Ear level;ROVED
S015;5;4;6;3.2;Ear level;ROVED
S015;5;3;4.2;3.9;Ear level;ROVED
S015;0;3;4.2;1.1;Floor level;NORMAL
S015;0;1;2;1;Floor level;NORMAL
S015;0;2;2.9;1.5;Floor level;NORMAL
S015;0;4;6;4;Floor level;NORMAL
S015;0;4;6;4;Floor level;NORMAL
S015;0;3;4.2;2.4;Floor level;NORMAL
S015;0;3;4.2;2;Floor level;NORMAL
S015;0;4;6;3.8;Floor level;NORMAL
S015;0;3;4.2;2;Floor level;NORMAL
S015;0;3;4.2;2.15;Floor level;NORMAL
S015;0;2;2.9;1.8;Floor level;NORMAL
S015;0;2;2.9;2.25;Floor level;NORMAL
S015;0;1;2;1;Floor level;NORMAL
S015;0;1;2;1.5;Floor level;NORMAL
S015;0;1;2;1.6;Floor level;NORMAL
S015;0;1;2;1.7;Floor level;NORMAL
S015;0;4;6;3.8;Floor level;NORMAL
S015;0;4;6;3.5;Floor level;NORMAL
S015;0;2;2.9;1.9;Floor level;NORMAL
S015;0;3;4.2;3.3;Floor level;NORMAL
S015;2;1;2;1.8;Floor level;ROVED
S015;2;1;2;1;Floor level;ROVED
S015;2;4;6;2.7;Floor level;ROVED
S015;2;3;4.2;1.9;Floor level;ROVED
S015;2;2;2.9;2.2;Floor level;ROVED
S015;2;4;6;3;Floor level;ROVED
S015;2;1;2;1.5;Floor level;ROVED
S015;2;3;4.2;2.4;Floor level;ROVED
S015;2;2;2.9;3;Floor level;ROVED
S015;2;3;4.2;2.5;Floor level;ROVED
S015;2;1;2;1.7;Floor level;ROVED
S015;2;4;6;2.4;Floor level;ROVED
S015;2;2;2.9;2.15;Floor level;ROVED
S015;2;3;4.2;3;Floor level;ROVED
S015;2;2;2.9;3.9;Floor level;ROVED
S015;2;1;2;1.9;Floor level;ROVED
S015;2;4;6;2.9;Floor level;ROVED
S015;2;3;4.2;2.8;Floor level;ROVED
S015;2;4;6;4.3;Floor level;ROVED
S015;2;1;2;1;Floor level;ROVED
S016;3;2;2.9;1.5;Ear level;NORMAL
S016;3;3;4.2;2;Ear level;NORMAL
S016;3;2;2.9;2;Ear level;NORMAL
S016;3;4;6;2.5;Ear level;NORMAL
S016;3;1;2;2.8;Ear level;NORMAL
S016;3;4;6;2;Ear level;NORMAL
S016;3;3;4.2;1.7;Ear level;NORMAL
S016;3;4;6;1;Ear level;NORMAL
S016;3;2;2.9;1.2;Ear level;NORMAL
S016;3;2;2.9;1;Ear level;NORMAL
S016;3;2;2.9;1.5;Ear level;NORMAL
S016;3;3;4.2;1.2;Ear level;NORMAL
S016;3;1;2;1;Ear level;NORMAL
S016;3;1;2;1.3;Ear level;NORMAL
S016;3;1;2;1;Ear level;NORMAL
S016;3;3;4.2;1.5;Ear level;NORMAL
S016;3;4;6;1.2;Ear level;NORMAL
S016;3;4;6;1.8;Ear level;NORMAL
S016;3;1;2;1.4;Ear level;NORMAL
S016;3;3;4.2;1;Ear level;NORMAL
S016;5;4;6;1.2;Ear level;ROVED
S016;5;2;2.9;1;Ear level;ROVED
S016;5;4;6;2;Ear level;ROVED
S016;5;4;6;1.5;Ear level;ROVED
S016;5;4;6;1.8;Ear level;ROVED
S016;5;3;4.2;1.8;Ear level;ROVED
S016;5;1;2;1.5;Ear level;ROVED
S016;5;2;2.9;1;Ear level;ROVED
S016;5;1;2;1;Ear level;ROVED
S016;5;1;2;1.4;Ear level;ROVED
S016;5;3;4.2;1.3;Ear level;ROVED
S016;5;3;4.2;1.2;Ear level;ROVED
S016;5;3;4.2;1.5;Ear level;ROVED
S016;5;1;2;1.3;Ear level;ROVED
S016;5;2;2.9;1.5;Ear level;ROVED
S016;5;2;2.9;1.2;Ear level;ROVED
S016;5;1;2;1;Ear level;ROVED
S016;5;4;6;1.5;Ear level;ROVED
S016;5;4;6;2;Ear level;ROVED
S016;5;3;4.2;1.3;Ear level;ROVED
S016;0;3;4.2;2.5;Floor level;NORMAL
S016;0;1;2;0.4;Floor level;NORMAL
S016;0;2;2.9;1;Floor level;NORMAL
S016;0;4;6;4;Floor level;NORMAL
S016;0;4;6;5;Floor level;NORMAL
S016;0;3;4.2;3;Floor level;NORMAL
S016;0;3;4.2;3;Floor level;NORMAL
S016;0;4;6;5;Floor level;NORMAL
S016;0;3;4.2;2;Floor level;NORMAL
S016;0;3;4.2;2;Floor level;NORMAL
S016;0;2;2.9;4;Floor level;NORMAL
S016;0;2;2.9;3;Floor level;NORMAL
S016;0;1;2;1;Floor level;NORMAL
S016;0;1;2;1;Floor level;NORMAL
S016;0;1;2;1;Floor level;NORMAL
S016;0;1;2;1;Floor level;NORMAL
S016;0;4;6;4;Floor level;NORMAL
S016;0;4;6;5;Floor level;NORMAL
S016;0;2;2.9;2;Floor level;NORMAL
S016;0;3;4.2;1;Floor level;NORMAL
S016;2;1;2;1;Floor level;ROVED
S016;2;1;2;1;Floor level;ROVED
S016;2;4;6;2;Floor level;ROVED
S016;2;3;4.2;1.5;Floor level;ROVED
S016;2;2;2.9;1.3;Floor level;ROVED
S016;2;4;6;2.2;Floor level;ROVED
S016;2;1;2;0.55;Floor level;ROVED
S016;2;3;4.2;1;Floor level;ROVED
S016;2;2;2.9;2;Floor level;ROVED
S016;2;3;4.2;1.2;Floor level;ROVED
S016;2;1;2;1;Floor level;ROVED
S016;2;4;6;3;Floor level;ROVED
S016;2;2;2.9;1;Floor level;ROVED
S016;2;3;4.2;2;Floor level;ROVED
S016;2;2;2.9;1.8;Floor level;ROVED
S016;2;1;2;0.6;Floor level;ROVED
S016;2;4;6;4;Floor level;ROVED
S016;2;3;4.2;1;Floor level;ROVED
S016;2;4;6;1;Floor level;ROVED
S016;2;1;2;1;Floor level;ROVED
S017;3;4;6;7;Ear level;NORMAL
S017;3;2;2.9;6;Ear level;NORMAL
S017;3;2;2.9;6;Ear level;NORMAL
S017;3;4;6;7;Ear level;NORMAL
S017;3;3;4.2;4;Ear level;NORMAL
S017;3;1;2;3;Ear level;NORMAL
S017;3;4;6;7;Ear level;NORMAL
S017;3;3;4.2;6;Ear level;NORMAL
S017;3;4;6;7;Ear level;NORMAL
S017;3;1;2;3;Ear level;NORMAL
S017;3;1;2;4;Ear level;NORMAL
S017;3;4;6;6;Ear level;NORMAL
S017;3;3;4.2;3;Ear level;NORMAL
S017;3;1;2;3;Ear level;NORMAL
S017;3;2;2.9;3;Ear level;NORMAL
S017;3;2;2.9;4;Ear level;NORMAL
S017;3;3;4.2;5;Ear level;NORMAL
S017;3;2;2.9;4;Ear level;NORMAL
S017;3;1;2;3;Ear level;NORMAL
S017;3;3;4.2;4;Ear level;NORMAL
S017;5;2;2.9;5;Ear level;ROVED
S017;5;3;4.2;6;Ear level;ROVED
S017;5;1;2;5;Ear level;ROVED
S017;5;2;2.9;6;Ear level;ROVED
S017;5;4;6;6;Ear level;ROVED
S017;5;1;2;7;Ear level;ROVED
S017;5;1;2;5;Ear level;ROVED
S017;5;3;4.2;4;Ear level;ROVED
S017;5;3;4.2;4;Ear level;ROVED
S017;5;4;6;5;Ear level;ROVED
S017;5;3;4.2;3;Ear level;ROVED
S017;5;2;2.9;4;Ear level;ROVED
S017;5;2;2.9;5;Ear level;ROVED
S017;5;4;6;6;Ear level;ROVED
S017;5;3;4.2;5;Ear level;ROVED
S017;5;1;2;3;Ear level;ROVED
S017;5;1;2;4;Ear level;ROVED
S017;5;4;6;7;Ear level;ROVED
S017;5;2;2.9;5;Ear level;ROVED
S017;5;2;2.9;6;Ear level;ROVED
S017;0;1;2;3;Floor level;NORMAL
S017;0;3;4.2;3;Floor level;NORMAL
S017;0;2;2.9;3;Floor level;NORMAL
S017;0;2;2.9;2;Floor level;NORMAL
S017;0;1;2;2;Floor level;NORMAL
S017;0;4;6;5;Floor level;NORMAL
S017;0;4;6;5;Floor level;NORMAL
S017;0;3;4.2;5;Floor level;NORMAL
S017;0;3;4.2;4;Floor level;NORMAL
S017;0;1;2;2;Floor level;NORMAL
S017;0;1;2;2;Floor level;NORMAL
S017;0;1;2;2;Floor level;NORMAL
S017;0;2;2.9;3;Floor level;NORMAL
S017;0;2;2.9;3;Floor level;NORMAL
S017;0;4;6;4;Floor level;NORMAL
S017;0;4;6;5;Floor level;NORMAL
S017;0;1;2;3;Floor level;NORMAL
S017;0;3;4.2;3;Floor level;NORMAL
S017;0;2;2.9;4;Floor level;NORMAL
S017;0;3;4.2;5;Floor level;NORMAL
S017;2;3;4.2;3;Floor level;ROVED
S017;2;3;4.2;3;Floor level;ROVED
S017;2;2;2.9;3;Floor level;ROVED
S017;2;2;2.9;4;Floor level;ROVED
S017;2;4;6;4;Floor level;ROVED
S017;2;4;6;4;Floor level;ROVED
S017;2;3;4.2;5;Floor level;ROVED
S017;2;2;2.9;5;Floor level;ROVED
S017;2;3;4.2;6;Floor level;ROVED
S017;2;4;6;4;Floor level;ROVED
S017;2;2;2.9;4;Floor level;ROVED
S017;2;1;2;1;Floor level;ROVED
S017;2;3;4.2;4;Floor level;ROVED
S017;2;1;2;1;Floor level;ROVED
S017;2;1;2;2;Floor level;ROVED
S017;2;3;4.2;3;Floor level;ROVED
S017;2;2;2.9;3;Floor level;ROVED
S017;2;1;2;4;Floor level;ROVED
S017;2;4;6;5;Floor level;ROVED
S017;2;1;2;1;Floor level;ROVED
S018;3;1;2;6;Ear level;NORMAL
S018;3;2;2.9;6;Ear level;NORMAL
S018;3;2;2.9;5;Ear level;NORMAL
S018;3;1;2;4;Ear level;NORMAL
S018;3;4;6;4;Ear level;NORMAL
S018;3;2;2.9;3;Ear level;NORMAL
S018;3;1;2;4;Ear level;NORMAL
S018;3;1;2;3;Ear level;NORMAL
S018;3;4;6;2;Ear level;NORMAL
S018;3;3;4.2;2;Ear level;NORMAL
S018;3;2;2.9;2;Ear level;NORMAL
S018;3;3;4.2;2;Ear level;NORMAL
S018;3;4;6;4;Ear level;NORMAL
S018;3;2;2.9;3;Ear level;NORMAL
S018;3;3;4.2;4;Ear level;NORMAL
S018;3;1;2;5;Ear level;NORMAL
S018;3;4;6;4;Ear level;NORMAL
S018;3;3;4.2;2;Ear level;NORMAL
S018;3;3;4.2;2;Ear level;NORMAL
S018;3;4;6;4;Ear level;NORMAL
S018;5;3;4.2;3;Ear level;ROVED
S018;5;4;6;5;Ear level;ROVED
S018;5;1;2;2;Ear level;ROVED
S018;5;4;6;2;Ear level;ROVED
S018;5;3;4.2;5;Ear level;ROVED
S018;5;1;2;3;Ear level;ROVED
S018;5;3;4.2;3;Ear level;ROVED
S018;5;4;6;5;Ear level;ROVED
S018;5;3;4.2;5;Ear level;ROVED
S018;5;4;6;3;Ear level;ROVED
S018;5;2;2.9;4;Ear level;ROVED
S018;5;4;6;5;Ear level;ROVED
S018;5;3;4.2;5;Ear level;ROVED
S018;5;2;2.9;6;Ear level;ROVED
S018;5;1;2;3;Ear level;ROVED
S018;5;2;2.9;4;Ear level;ROVED
S018;5;2;2.9;4;Ear level;ROVED
S018;5;3;4.2;5;Ear level;ROVED
S018;5;1;2;3;Ear level;ROVED
S018;5;2;2.9;4;Ear level;ROVED
S018;0;2;2.9;4;Floor level;NORMAL
S018;0;3;4.2;4;Floor level;NORMAL
S018;0;3;4.2;3;Floor level;NORMAL
S018;0;2;2.9;2;Floor level;NORMAL
S018;0;3;4.2;4;Floor level;NORMAL
S018;0;2;2.9;2;Floor level;NORMAL
S018;0;1;2;1;Floor level;NORMAL
S018;0;2;2.9;4;Floor level;NORMAL
S018;0;4;6;5;Floor level;NORMAL
S018;0;4;6;4;Floor level;NORMAL
S018;0;1;2;1;Floor level;NORMAL
S018;0;1;2;1;Floor level;NORMAL
S018;0;2;2.9;4;Floor level;NORMAL
S018;0;4;6;5;Floor level;NORMAL
S018;0;3;4.2;3;Floor level;NORMAL
S018;0;1;2;1;Floor level;NORMAL
S018;0;4;6;4;Floor level;NORMAL
S018;0;3;4.2;3;Floor level;NORMAL
S018;0;2;2.9;3;Floor level;NORMAL
S018;0;4;6;5;Floor level;NORMAL
S018;2;4;6;6;Floor level;ROVED
S018;2;4;6;3;Floor level;ROVED
S018;2;3;4.2;6;Floor level;ROVED
S018;2;1;2;2;Floor level;ROVED
S018;2;3;4.2;5;Floor level;ROVED
S018;2;2;2.9;4;Floor level;ROVED
S018;2;4;6;5;Floor level;ROVED
S018;2;4;6;3;Floor level;ROVED
S018;2;4;6;4;Floor level;ROVED
S018;2;2;2.9;3;Floor level;ROVED
S018;2;3;4.2;6;Floor level;ROVED
S018;2;4;6;7;Floor level;ROVED
S018;2;2;2.9;3;Floor level;ROVED
S018;2;3;4.2;5;Floor level;ROVED
S018;2;1;2;1;Floor level;ROVED
S018;2;3;4.2;3;Floor level;ROVED
S018;2;2;2.9;2;Floor level;ROVED
S018;2;1;2;1;Floor level;ROVED
S018;2;2;2.9;1;Floor level;ROVED
S018;2;1;2;1;Floor level;ROVED
S019;3;2;2.9;1.5;Ear level;NORMAL
S019;3;4;6;8;Ear level;NORMAL
S019;3;3;4.2;3;Ear level;NORMAL
S019;3;1;2;0.5;Ear level;NORMAL
S019;3;1;2;0.3;Ear level;NORMAL
S019;3;2;2.9;2;Ear level;NORMAL
S019;3;3;4.2;5;Ear level;NORMAL
S019;3;1;2;1;Ear level;NORMAL
S019;3;4;6;4;Ear level;NORMAL
S019;3;1;2;0.3;Ear level;NORMAL
S019;3;4;6;6;Ear level;NORMAL
S019;3;3;4.2;3.5;Ear level;NORMAL
S019;3;2;2.9;2;Ear level;NORMAL
S019;3;2;2.9;0.7;Ear level;NORMAL
S019;3;2;2.9;1;Ear level;NORMAL
S019;3;3;4.2;4;Ear level;NORMAL
S019;3;1;2;0.5;Ear level;NORMAL
S019;3;3;4.2;5;Ear level;NORMAL
S019;3;4;6;7;Ear level;NORMAL
S019;3;4;6;9;Ear level;NORMAL
S019;5;4;6;1;Ear level;ROVED
S019;5;3;4.2;0.5;Ear level;ROVED
S019;5;3;4.2;10;Ear level;ROVED
S019;5;3;4.2;0.3;Ear level;ROVED
S019;5;2;2.9;11;Ear level;ROVED
S019;5;1;2;10.5;Ear level;ROVED
S019;5;2;2.9;12;Ear level;ROVED
S019;5;1;2;0.3;Ear level;ROVED
S019;5;3;4.2;4;Ear level;ROVED
S019;5;2;2.9;11;Ear level;ROVED
S019;5;1;2;2;Ear level;ROVED
S019;5;2;2.9;3.5;Ear level;ROVED
S019;5;3;4.2;6;Ear level;ROVED
S019;5;4;6;10;Ear level;ROVED
S019;5;4;6;8;Ear level;ROVED
S019;5;4;6;1;Ear level;ROVED
S019;5;1;2;0.5;Ear level;ROVED
S019;5;4;6;5;Ear level;ROVED
S019;5;1;2;13;Ear level;ROVED
S019;5;4;6;7;Ear level;ROVED
S019;0;3;4.2;4;Floor level;NORMAL
S019;0;3;4.2;5;Floor level;NORMAL
S019;0;2;2.9;4;Floor level;NORMAL
S019;0;3;4.2;6;Floor level;NORMAL
S019;0;4;6;8;Floor level;NORMAL
S019;0;3;4.2;4;Floor level;NORMAL
S019;0;1;2;2;Floor level;NORMAL
S019;0;4;6;7;Floor level;NORMAL
S019;0;2;2.9;3;Floor level;NORMAL
S019;0;2;2.9;3;Floor level;NORMAL
S019;0;4;6;7;Floor level;NORMAL
S019;0;4;6;8;Floor level;NORMAL
S019;0;3;4.2;6;Floor level;NORMAL
S019;0;4;6;8.5;Floor level;NORMAL
S019;0;1;2;2;Floor level;NORMAL
S019;0;1;2;3;Floor level;NORMAL
S019;0;3;4.2;5;Floor level;NORMAL
S019;0;1;2;3;Floor level;NORMAL
S019;0;2;2.9;5;Floor level;NORMAL
S019;0;1;2;3;Floor level;NORMAL
S019;2;1;2;4;Floor level;ROVED
S019;2;3;4.2;5;Floor level;ROVED
S019;2;1;2;3;Floor level;ROVED
S019;2;1;2;2.5;Floor level;ROVED
S019;2;4;6;6;Floor level;ROVED
S019;2;3;4.2;6;Floor level;ROVED
S019;2;1;2;3;Floor level;ROVED
S019;2;4;6;5;Floor level;ROVED
S019;2;1;2;3;Floor level;ROVED
S019;2;3;4.2;5;Floor level;ROVED
S019;2;1;2;2;Floor level;ROVED
S019;2;4;6;7;Floor level;ROVED
S019;2;4;6;8;Floor level;ROVED
S019;2;4;6;7;Floor level;ROVED
S019;2;2;2.9;4;Floor level;ROVED
S019;2;2;2.9;4;Floor level;ROVED
S019;2;3;4.2;6;Floor level;ROVED
S019;2;2;2.9;3;Floor level;ROVED
S019;2;3;4.2;4;Floor level;ROVED
S019;2;2;2.9;3;Floor level;ROVED
S020;3;3;4.2;1.5;Ear level;NORMAL
S020;3;4;6;2;Ear level;NORMAL
S020;3;3;4.2;1.5;Ear level;NORMAL
S020;3;4;6;2;Ear level;NORMAL
S020;3;1;2;2;Ear level;NORMAL
S020;3;1;2;3;Ear level;NORMAL
S020;3;2;2.9;1;Ear level;NORMAL
S020;3;2;2.9;1;Ear level;NORMAL
S020;3;2;2.9;1.5;Ear level;NORMAL
S020;3;4;6;1;Ear level;NORMAL
S020;3;2;2.9;0.5;Ear level;NORMAL
S020;3;3;4.2;3;Ear level;NORMAL
S020;3;4;6;1.5;Ear level;NORMAL
S020;3;1;2;2;Ear level;NORMAL
S020;3;1;2;2;Ear level;NORMAL
S020;3;2;2.9;1;Ear level;NORMAL
S020;3;1;2;0.5;Ear level;NORMAL
S020;3;3;4.2;1;Ear level;NORMAL
S020;3;3;4.2;1;Ear level;NORMAL
S020;3;4;6;2.5;Ear level;NORMAL
S020;5;1;2;1;Ear level;ROVED
S020;5;2;2.9;1;Ear level;ROVED
S020;5;3;4.2;0.5;Ear level;ROVED
S020;5;2;2.9;1.5;Ear level;ROVED
S020;5;4;6;2;Ear level;ROVED
S020;5;2;2.9;2;Ear level;ROVED
S020;5;1;2;1;Ear level;ROVED
S020;5;2;2.9;3;Ear level;ROVED
S020;5;3;4.2;1.5;Ear level;ROVED
S020;5;4;6;2;Ear level;ROVED
S020;5;3;4.2;2;Ear level;ROVED
S020;5;4;6;1.5;Ear level;ROVED
S020;5;1;2;1;Ear level;ROVED
S020;5;4;6;2;Ear level;ROVED
S020;5;4;6;1.5;Ear level;ROVED
S020;5;1;2;1;Ear level;ROVED
S020;5;1;2;2;Ear level;ROVED
S020;5;2;2.9;2;Ear level;ROVED
S020;5;3;4.2;2;Ear level;ROVED
S020;5;1;2;1.5;Ear level;ROVED
S020;0;4;6;4;Floor level;NORMAL
S020;0;4;6;5;Floor level;NORMAL
S020;0;4;6;5;Floor level;NORMAL
S020;0;2;2.9;3;Floor level;NORMAL
S020;0;1;2;2;Floor level;NORMAL
S020;0;2;2.9;3;Floor level;NORMAL
S020;0;4;6;6;Floor level;NORMAL
S020;0;2;2.9;2.5;Floor level;NORMAL
S020;0;1;2;1.2;Floor level;NORMAL
S020;0;3;4.2;4;Floor level;NORMAL
S020;0;3;4.2;3;Floor level;NORMAL
S020;0;1;2;1.9;Floor level;NORMAL
S020;0;1;2;2;Floor level;NORMAL
S020;0;4;6;6;Floor level;NORMAL
S020;0;1;2;1.2;Floor level;NORMAL
S020;0;4;6;6;Floor level;NORMAL
S020;0;2;2.9;3.5;Floor level;NORMAL
S020;0;3;4.2;4.2;Floor level;NORMAL
S020;0;2;2.9;3;Floor level;NORMAL
S020;0;3;4.2;2.2;Floor level;NORMAL
S020;2;2;2.9;1.2;Floor level;ROVED
S020;2;4;6;6;Floor level;ROVED
S020;2;4;6;5.2;Floor level;ROVED
S020;2;4;6;4;Floor level;ROVED
S020;2;3;4.2;4;Floor level;ROVED
S020;2;2;2.9;3;Floor level;ROVED
S020;2;1;2;1.5;Floor level;ROVED
S020;2;1;2;2.5;Floor level;ROVED
S020;2;1;2;2;Floor level;ROVED
S020;2;3;4.2;4;Floor level;ROVED
S020;2;4;6;5;Floor level;ROVED
S020;2;3;4.2;4;Floor level;ROVED
S020;2;2;2.9;3;Floor level;ROVED
S020;2;1;2;2;Floor level;ROVED
S020;2;1;2;2;Floor level;ROVED
S020;2;3;4.2;5;Floor level;ROVED
S020;2;2;2.9;3;Floor level;ROVED
S020;2;2;2.9;4;Floor level;ROVED
S020;2;4;6;6;Floor level;ROVED
S020;2;2;2.9;3;Floor level;ROVED
S021;3;4;6;3;Ear level;NORMAL
S021;3;2;2.9;2.5;Ear level;NORMAL
S021;3;3;4.2;2.7;Ear level;NORMAL
S021;3;1;2;1.9;Ear level;NORMAL
S021;3;3;4.2;2;Ear level;NORMAL
S021;3;2;2.9;2.5;Ear level;NORMAL
S021;3;2;2.9;2;Ear level;NORMAL
S021;3;1;2;1.9;Ear level;NORMAL
S021;3;3;4.2;3;Ear level;NORMAL
S021;3;2;2.9;2;Ear level;NORMAL
S021;3;1;2;1.9;Ear level;NORMAL
S021;3;4;6;3;Ear level;NORMAL
S021;3;4;6;3.4;Ear level;NORMAL
S021;3;1;2;1.7;Ear level;NORMAL
S021;3;2;2.9;2;Ear level;NORMAL
S021;3;3;4.2;2.2;Ear level;NORMAL
S021;3;3;4.2;2.4;Ear level;NORMAL
S021;3;4;6;3;Ear level;NORMAL
S021;3;4;6;3.2;Ear level;NORMAL
S021;3;1;2;1.9;Ear level;NORMAL
S021;5;2;2.9;3;Ear level;ROVED
S021;5;2;2.9;2;Ear level;ROVED
S021;5;1;2;2;Ear level;ROVED
S021;5;1;2;2.2;Ear level;ROVED
S021;5;2;2.9;2.7;Ear level;ROVED
S021;5;3;4.2;2.8;Ear level;ROVED
S021;5;3;4.2;3;Ear level;ROVED
S021;5;3;4.2;3.2;Ear level;ROVED
S021;5;2;2.9;2.5;Ear level;ROVED
S021;5;2;2.9;3;Ear level;ROVED
S021;5;1;2;2;Ear level;ROVED
S021;5;4;6;2.7;Ear level;ROVED
S021;5;3;4.2;3;Ear level;ROVED
S021;5;1;2;3;Ear level;ROVED
S021;5;3;4.2;2.7;Ear level;ROVED
S021;5;4;6;3;Ear level;ROVED
S021;5;2;2.9;2.5;Ear level;ROVED
S021;5;1;2;2.5;Ear level;ROVED
S021;5;4;6;3;Ear level;ROVED
S021;5;4;6;2.7;Ear level;ROVED
S021;0;1;2;2;Floor level;NORMAL
S021;0;1;2;2;Floor level;NORMAL
S021;0;1;2;2;Floor level;NORMAL
S021;0;2;2.9;3;Floor level;NORMAL
S021;0;4;6;5;Floor level;NORMAL
S021;0;1;2;2;Floor level;NORMAL
S021;0;1;2;2;Floor level;NORMAL
S021;0;3;4.2;3.5;Floor level;NORMAL
S021;0;4;6;4.6;Floor level;NORMAL
S021;0;2;2.9;2.3;Floor level;NORMAL
S021;0;3;4.2;4.5;Floor level;NORMAL
S021;0;3;4.2;4.2;Floor level;NORMAL
S021;0;3;4.2;3.5;Floor level;NORMAL
S021;0;4;6;5.3;Floor level;NORMAL
S021;0;2;2.9;3;Floor level;NORMAL
S021;0;3;4.2;4.3;Floor level;NORMAL
S021;0;2;2.9;2.4;Floor level;NORMAL
S021;0;2;2.9;3.2;Floor level;NORMAL
S021;0;1;2;2;Floor level;NORMAL
S021;0;4;6;6.7;Floor level;NORMAL
S021;2;3;4.2;4.3;Floor level;ROVED
S021;2;2;2.9;2;Floor level;ROVED
S021;2;3;4.2;2.2;Floor level;ROVED
S021;2;4;6;2.5;Floor level;ROVED
S021;2;4;6;5.2;Floor level;ROVED
S021;2;3;4.2;2.3;Floor level;ROVED
S021;2;3;4.2;4;Floor level;ROVED
S021;2;2;2.9;2.3;Floor level;ROVED
S021;2;4;6;5.5;Floor level;ROVED
S021;2;4;6;6.5;Floor level;ROVED
S021;2;1;2;2;Floor level;ROVED
S021;2;3;4.2;3.2;Floor level;ROVED
S021;2;3;4.2;4.7;Floor level;ROVED
S021;2;1;2;1.9;Floor level;ROVED
S021;2;2;2.9;2;Floor level;ROVED
S021;2;1;2;2;Floor level;ROVED
S021;2;2;2.9;2.4;Floor level;ROVED
S021;2;1;2;2;Floor level;ROVED
S021;2;2;2.9;2;Floor level;ROVED
S021;2;1;2;2;Floor level;ROVED
S022;3;1;2;1;Ear level;NORMAL
S022;3;4;6;1.5;Ear level;NORMAL
S022;3;2;2.9;1.5;Ear level;NORMAL
S022;3;4;6;2.5;Ear level;NORMAL
S022;3;2;2.9;1;Ear level;NORMAL
S022;3;3;4.2;3;Ear level;NORMAL
S022;3;4;6;3.5;Ear level;NORMAL
S022;3;3;4.2;2.1;Ear level;NORMAL
S022;3;3;4.2;1;Ear level;NORMAL
S022;3;3;4.2;1.5;Ear level;NORMAL
S022;3;2;2.9;1.7;Ear level;NORMAL
S022;3;3;4.2;1.3;Ear level;NORMAL
S022;3;1;2;1;Ear level;NORMAL
S022;3;1;2;1.2;Ear level;NORMAL
S022;3;1;2;1;Ear level;NORMAL
S022;3;4;6;2;Ear level;NORMAL
S022;3;2;2.9;2;Ear level;NORMAL
S022;3;4;6;2.5;Ear level;NORMAL
S022;3;1;2;1;Ear level;NORMAL
S022;3;2;2.9;1.5;Ear level;NORMAL
S022;5;3;4.2;2;Ear level;ROVED
S022;5;4;6;1.5;Ear level;ROVED
S022;5;1;2;1;Ear level;ROVED
S022;5;2;2.9;1.5;Ear level;ROVED
S022;5;1;2;1.2;Ear level;ROVED
S022;5;2;2.9;2;Ear level;ROVED
S022;5;4;6;4;Ear level;ROVED
S022;5;2;2.9;2;Ear level;ROVED
S022;5;3;4.2;3.1;Ear level;ROVED
S022;5;2;2.9;2;Ear level;ROVED
S022;5;1;2;1.5;Ear level;ROVED
S022;5;3;4.2;2;Ear level;ROVED
S022;5;4;6;3;Ear level;ROVED
S022;5;4;6;2.5;Ear level;ROVED
S022;5;2;2.9;1.5;Ear level;ROVED
S022;5;1;2;1;Ear level;ROVED
S022;5;3;4.2;3;Ear level;ROVED
S022;5;3;4.2;4.5;Ear level;ROVED
S022;5;4;6;3.5;Ear level;ROVED
S022;5;3;4.2;2;Ear level;ROVED
S022;0;2;2.9;3;Floor level;NORMAL
S022;0;3;4.2;4;Floor level;NORMAL
S022;0;4;6;2.5;Floor level;NORMAL
S022;0;1;2;1.5;Floor level;NORMAL
S022;0;4;6;6;Floor level;NORMAL
S022;0;1;2;2.3;Floor level;NORMAL
S022;0;4;6;5;Floor level;NORMAL
S022;0;4;6;5.5;Floor level;NORMAL
S022;0;2;2.9;3.2;Floor level;NORMAL
S022;0;2;2.9;3;Floor level;NORMAL
S022;0;3;4.2;4;Floor level;NORMAL
S022;0;3;4.2;4.5;Floor level;NORMAL
S022;0;2;2.9;3;Floor level;NORMAL
S022;0;1;2;1.5;Floor level;NORMAL
S022;0;3;4.2;4;Floor level;NORMAL
S022;0;2;2.9;2.5;Floor level;NORMAL
S022;0;1;2;1.5;Floor level;NORMAL
S022;0;2;2.9;2.5;Floor level;NORMAL
S022;0;3;4.2;4;Floor level;NORMAL
S022;0;4;6;5.5;Floor level;NORMAL
S022;2;4;6;4;Floor level;ROVED
S022;2;4;6;4.5;Floor level;ROVED
S022;2;4;6;5.5;Floor level;ROVED
S022;2;4;6;5;Floor level;ROVED
S022;2;2;2.9;3;Floor level;ROVED
S022;2;4;6;4.5;Floor level;ROVED
S022;2;1;2;1.5;Floor level;ROVED
S022;2;3;4.2;3.6;Floor level;ROVED
S022;2;3;4.2;4.5;Floor level;ROVED
S022;2;4;6;8;Floor level;ROVED
S022;2;2;2.9;3;Floor level;ROVED
S022;2;3;4.2;4;Floor level;ROVED
S022;2;2;2.9;3.5;Floor level;ROVED
S022;2;3;4.2;3.1;Floor level;ROVED
S022;2;1;2;2.5;Floor level;ROVED
S022;2;1;2;1.5;Floor level;ROVED
S022;2;2;2.9;3;Floor level;ROVED
S022;2;3;4.2;4;Floor level;ROVED
S022;2;1;2;2.5;Floor level;ROVED
S022;2;2;2.9;3;Floor level;ROVED
